date,open,high,low,close,volume,tr,dm+,dm-,tr14,dm+_14,dm-_14,di+,di-,di+ sum,di+ diff,dx,adx
2024-06-03 09:15:00+05:30,1440,1440,1422.5,1426.05,608537,,,,,,,,,,,,
2024-06-03 09:20:00+05:30,1425.35,1426.7,1418.45,1421.45,334479,8.25,0,4.05,,,,,,,,,
2024-06-03 09:25:00+05:30,1421.85,1422.25,1415.75,1418.85,150139,6.5,0,2.7,,,,,,,,,
2024-06-03 09:30:00+05:30,1419,1419.15,1413.05,1414.5,153774,6.1,0,2.7,,,,,,,,,
2024-06-03 09:35:00+05:30,1414.55,1415.05,1410.6,1410.8,197865,4.45,0,2.45,,,,,,,,,
2024-06-03 09:40:00+05:30,1410.65,1413.4,1410.5,1411.55,109628,2.9,0,0.1,,,,,,,,,
2024-06-03 09:45:00+05:30,1411.35,1411.5,1405.7,1411.3,213022,5.85,0,4.8,,,,,,,,,
2024-06-03 09:50:00+05:30,1411.2,1412.95,1410.3,1412.3,100998,2.65,1.45,0,,,,,,,,,
2024-06-03 09:55:00+05:30,1412.2,1416,1411.7,1415.5,98795,4.3,3.05,0,,,,,,,,,
2024-06-03 10:00:00+05:30,1415.45,1417.45,1408.05,1409.65,957286,9.4,0,3.65,,,,,,,,,
2024-06-03 10:05:00+05:30,1409.65,1410,1409.05,1409.7,173145,0.95,0,0,,,,,,,,,
2024-06-03 10:10:00+05:30,1409.95,1410,1408.8,1409.2,130579,1.2,0,0.25,,,,,,,,,
2024-06-03 10:15:00+05:30,1409.2,1410,1409.1,1409.9,166843,0.9,0,0,,,,,,,,,
2024-06-03 10:20:00+05:30,1410,1410,1408.6,1409.05,170291,1.4,0,0.5,,,,,,,,,
2024-06-03 10:25:00+05:30,1409.25,1409.5,1407.5,1409.45,79175,2,0,1.1,,,,,,,,,
2024-06-03 10:30:00+05:30,1409.5,1410,1408.8,1410,104249,1.2,0.5,0,58.05,5,22.3,8.613264427,38.41515935,47.02842377,29.80189492,63.36996337,
2024-06-03 10:35:00+05:30,1409.85,1410,1408.35,1409.85,226496,1.65,0,0.45,55.55357143,4.642857143,21.15714286,8.357441337,38.08421729,46.44165863,29.72677596,64.00885936,
2024-06-03 10:40:00+05:30,1409.85,1412.4,1409.7,1410.3,257445,2.7,2.4,0,54.28545918,6.71122449,19.64591837,12.36284005,36.19001969,48.55285974,23.82717964,49.07471932,
2024-06-03 10:45:00+05:30,1410.2,1410.4,1409.5,1409.75,60899,0.9,0,0.2,51.30792638,6.231851312,18.44263848,12.14598163,35.94500847,48.0909901,23.79902684,49.48749609,
2024-06-03 10:50:00+05:30,1409.75,1410.2,1409.05,1409.95,57467,1.15,0,0.45,48.7930745,5.786719075,17.57530716,11.85971398,36.02008552,47.8797995,24.16037155,50.46046934,
2024-06-03 10:55:00+05:30,1409.95,1410,1406.7,1406.7,112147,3.3,0,2.35,48.60785489,5.373381999,18.66992808,11.05455489,38.40928204,49.46383693,27.35472716,55.30247723,
2024-06-03 11:00:00+05:30,1406.7,1407.65,1406,1406.65,78152,1.65,0,0.7,46.78586526,4.989568999,18.03636179,10.66469322,38.5508779,49.21557112,27.88618468,56.66130464,
2024-06-03 11:05:00+05:30,1406.6,1407.2,1406.25,1406.7,62698,0.95,0,0,44.39401774,4.633171213,16.74805023,10.43647646,37.72591688,48.16239335,27.28944042,56.66130464,
2024-06-03 11:10:00+05:30,1406.7,1408.2,1406.65,1407.55,46923,1.55,1,0,42.77301647,5.302230412,15.55176093,12.39620408,36.35881267,48.75501674,23.96260859,49.14901109,
2024-06-03 11:15:00+05:30,1407.55,1408.15,1405.6,1406.05,178397,2.55,0,1.05,42.26780101,4.923499668,15.49092086,11.64834591,36.64946009,48.297806,25.00111419,51.76449255,
2024-06-03 11:20:00+05:30,1406.1,1408.85,1406,1408.85,65262,2.85,0.7,0,42.09867237,5.271821121,14.38442652,12.52253533,34.16836139,46.69089672,21.64582606,46.35984224,
2024-06-03 11:25:00+05:30,1408.75,1408.85,1408,1408.15,55373,0.85,0,0,39.94162434,4.895262469,13.35696748,12.25604254,33.44122253,45.69726507,21.18518,46.35984224,
2024-06-03 11:30:00+05:30,1408.1,1409,1408,1408.85,35483,1,0.15,0,38.08865117,4.695600864,12.40289837,12.32808388,32.56323863,44.89132251,20.23515476,45.07587129,
2024-06-03 11:35:00+05:30,1408.7,1409.45,1408.05,1409.3,36779,1.4,0.45,0,36.76803323,4.810200803,11.51697706,13.08256216,31.32334272,44.40590488,18.24078056,41.07737611,
2024-06-03 11:40:00+05:30,1409.4,1410,1408.55,1410,141953,1.45,0.55,0,35.59174514,5.016615031,10.69433584,14.09488355,30.04723651,44.14212006,15.95235297,36.13861986,50.73010996
2024-06-03 11:45:00+05:30,1410,1410,1409.2,1409.85,130940,0.8,0,0,33.84947763,4.658285386,9.930454711,13.76176447,29.33709884,43.09886331,15.57533437,36.13861986,49.68786067
2024-06-03 11:50:00+05:30,1409.8,1410,1409.15,1409.7,85154,0.85,0,0.05,32.2816578,4.325550715,9.271136518,13.399407,28.71951798,42.11892498,15.32011098,36.37346155,48.73683216
2024-06-03 11:55:00+05:30,1409.7,1409.95,1408.1,1408.25,63102,1.85,0,1.05,31.8258251,4.016582807,9.658912481,12.6205143,30.34929165,42.96980595,17.72877735,41.2586861,48.20267887
2024-06-03 12:00:00+05:30,1408.25,1410,1408.2,1409.95,235980,1.8,0.05,0,31.35255188,3.779684035,8.968990161,12.0554271,28.60689042,40.66231752,16.55146332,40.70467286,47.66710701
2024-06-03 12:05:00+05:30,1409.65,1410.3,1409.4,1409.95,291335,0.9,0.3,0,30.01308389,3.809706604,8.328348006,12.69348601,27.74905783,40.44254384,15.05557183,37.22706436,46.92138968
2024-06-03 12:10:00+05:30,1409.95,1410,1408.25,1408.25,70163,1.75,0,1.15,29.61929218,3.537584704,8.883466006,11.94351533,29.9921617,41.93567703,18.04864636,43.03888155,46.64406767
2024-06-03 12:15:00+05:30,1408.35,1409.55,1408,1408.75,61625,1.55,0,0.25,29.05362846,3.284900082,8.49893272,11.30633335,29.25256903,40.55890238,17.94623568,44.24734062,46.47287288
2024-06-03 12:20:00+05:30,1408.8,1409.95,1408.4,1409.1,63395,1.55,0.4,0,28.52836928,3.450264362,7.891866097,12.09415206,27.66322189,39.75737396,15.56906983,39.16020673,45.95053958
2024-06-03 12:25:00+05:30,1409.15,1409.75,1408.3,1408.8,59941,1.45,0,0.1,27.94062862,3.203816908,7.428161376,11.46651692,26.58551988,38.0520368,15.11900296,39.73244071,45.50638966
2024-06-03 12:30:00+05:30,1408.5,1409.8,1408.5,1409.3,467862,1.3,0.05,0,27.24486943,3.024972843,6.89757842,11.1029082,25.31698101,36.41988921,14.21407281,39.02832522,45.04367077
2024-06-03 12:35:00+05:30,1409.3,1409.9,1408,1409.9,85076,1.9,0,0.5,27.19880733,2.808903354,6.904894247,10.3273034,25.38675378,35.71405718,15.05945038,42.16673089,44.83817507
2024-06-03 12:40:00+05:30,1409.9,1410,1409.05,1410,42075,0.95,0.1,0,26.20603538,2.7082674,6.411687515,10.33451784,24.46645371,34.80097155,14.13193588,40.60787745,44.53601095
2024-06-03 12:45:00+05:30,1410,1410,1408.2,1408.95,47517,1.8,0,0.85,26.13417571,2.514819729,6.803709836,9.6227245,26.0337648,35.6564893,16.4110403,46.02539572,44.64239558
2024-06-03 12:50:00+05:30,1408.9,1410,1408.2,1409.95,53975,1.8,0,0,26.06744887,2.335189748,6.317730562,8.958259627,24.23609074,33.19435037,15.27783111,46.02539572,44.7411813
2024-06-03 12:55:00+05:30,1409.9,1410,1409.25,1410,77923,0.75,0,0,24.95548824,2.16839048,5.866464093,8.689032488,23.50771116,32.19674365,14.81867867,46.02539572,44.8329109
2024-06-03 13:00:00+05:30,1410,1410,1408.5,1409,56001,1.5,0,0.75,24.67295336,2.013505446,6.197430944,8.160780011,25.11831823,33.27909825,16.95753822,50.95552199,45.27024027
2024-06-03 13:05:00+05:30,1408.95,1409.1,1408.3,1408.9,68404,0.8,0,0.2,23.71059955,1.869683628,5.954757305,7.885433788,25.11432616,32.99975994,17.22889237,52.20914454,45.76587629
2024-06-03 13:10:00+05:30,1408.85,1409.1,1408.1,1409,79952,1,0,0.2,23.0169853,1.736134798,5.729417497,7.542841842,24.89212824,32.43497008,17.3492864,53.48944782,46.31755997
2024-06-03 13:15:00+05:30,1409,1409,1408,1408.3,73304,1,0,0.1,22.37291492,1.612125169,5.42017339,7.205700175,24.22649623,31.43219641,17.02079606,54.1508326,46.87707944
2024-06-03 13:20:00+05:30,1408.25,1409.8,1407.5,1409.45,86588,2.3,0.8,0,23.07484957,2.296973372,5.033018148,9.954445705,21.81170514,31.76615084,11.85725943,37.32671135,46.19491029
2024-06-03 13:25:00+05:30,1409.4,1409.55,1408.4,1409.05,74671,1.15,0,0,22.57664603,2.132903845,4.673516852,9.447390204,20.70066938,30.14805959,11.25327918,37.32671135,45.56146751
2024-06-03 13:30:00+05:30,1408.95,1409.55,1408.25,1409.45,58837,1.3,0,0.15,22.26402845,1.98055357,4.48969422,8.895755656,20.16568668,29.06144233,11.26993102,38.77966858,45.0770533
2024-06-03 13:35:00+05:30,1409.05,1409.65,1407,1407,74474,2.65,0,1.25,23.32374071,1.839085458,5.419001775,7.885036459,23.23384505,31.11888151,15.34880859,49.3231371,45.380345
2024-06-03 13:40:00+05:30,1407.1,1407.75,1406.1,1407.2,85805,1.65,0,0.9,23.30775923,1.707722211,5.93193022,7.326839936,25.45045262,32.77729256,18.12361269,55.29319621,46.0884058
2024-06-03 13:45:00+05:30,1407,1407.55,1406,1406.1,71367,1.55,0,0.1,23.19291928,1.585742053,5.608220918,6.837181788,24.18074607,31.01792786,17.34356428,55.91464511,46.79028004
2024-06-03 13:50:00+05:30,1406.1,1407.55,1405.95,1407.05,274929,1.6,0,0.05,23.13628219,1.472474764,5.25763371,6.364353406,22.72462648,29.08897989,16.36027308,56.24216847,47.46541493
2024-06-03 13:55:00+05:30,1407.1,1408.55,1406.55,1408.5,59047,2,1,0,23.48369061,2.367297995,4.882088445,10.0806046,20.78927255,30.86987715,10.70866795,34.68970058,46.5528639
2024-06-03 14:00:00+05:30,1408.6,1409.7,1408.35,1409.4,79573,1.35,1.15,0,23.15628413,3.348205281,4.533367842,14.45916478,19.57726816,34.03643295,5.118103379,15.03713208,44.3017402
2024-06-03 14:05:00+05:30,1409.4,1409.4,1408,1408.25,60422,1.4,0,0.35,22.90226384,3.109047761,4.559555853,13.57528576,19.90875612,33.48404187,6.333470361,18.91489201,42.4883939
2024-06-03 14:10:00+05:30,1408.25,1408.5,1406.4,1407.35,56722,2.1,0,1.6,23.36638785,2.886972921,5.833873292,12.35523838,24.96694538,37.32218377,12.611707,33.79144981,41.86718361
2024-06-03 14:15:00+05:30,1407.25,1408.35,1407,1407.3,58169,1.35,0,0,23.04736015,2.680760569,5.417168057,11.63152982,23.5045056,35.13603543,11.87297578,33.79144981,41.29034548
2024-06-03 14:20:00+05:30,1407.3,1408,1406.5,1407.3,47434,1.5,0,0.5,22.90112014,2.489277672,5.530227482,10.86967649,24.14828379,35.01796028,13.2786073,37.91941961,41.04956506
2024-06-03 14:25:00+05:30,1407.4,1407.5,1406.05,1406.5,57971,1.45,0,0.45,22.71532584,2.311472124,5.585211233,10.1758264,24.58785435,34.76368075,14.41202795,41.45714044,41.07867759
2024-06-03 14:30:00+05:30,1406.35,1407,1406,1406.55,62326,1,0,0.05,22.09280257,2.146366972,5.236267573,9.715231761,23.70123735,33.41646911,13.98600559,41.85363074,41.13403139
2024-06-03 14:35:00+05:30,1406.55,1407,1406.35,1406.85,58383,0.65,0,0,21.16474524,1.993055045,4.862248461,9.416862914,22.973338,32.39020091,13.55647509,41.85363074,41.18543134
2024-06-03 14:40:00+05:30,1406.85,1407.35,1406.35,1406.7,70007,1,0.35,0,20.65297772,2.200693971,4.514944999,10.65557713,21.86098809,32.51656521,11.20541096,34.46062302,40.70508789
2024-06-03 14:45:00+05:30,1406.5,1407,1405.65,1406.5,76838,1.35,0,0.7,20.52776503,2.043501544,4.892448928,9.954817494,23.83332487,33.78814236,13.87850738,41.07508258,40.73151608
2024-06-03 14:50:00+05:30,1406.5,1407,1406.05,1406.95,62451,0.95,0,0,20.0114961,1.897537148,4.54298829,9.482235306,22.70189229,32.1841276,13.21965699,41.07508258,40.75605654
2024-06-03 14:55:00+05:30,1406.35,1407,1406,1406.2,63447,1,0,0.05,19.58210352,1.76199878,4.268489127,8.998005647,21.79790911,30.79591476,12.79990346,41.56364103,40.81374115
2024-06-03 15:00:00+05:30,1406.2,1406.25,1404.1,1405,286094,2.15,0,1.9,20.33338184,1.636141725,5.863597046,8.046579451,28.83729373,36.88387318,20.79071428,56.36803428,41.92476209
2024-06-03 15:05:00+05:30,1404.75,1405.75,1404,1405,209563,1.75,0,0.1,20.63099742,1.519274459,5.544768686,7.364037848,26.87591187,34.23994972,19.51187402,56.98569707,43.00054316
2024-06-03 15:10:00+05:30,1405.3,1405.85,1404.4,1405.8,272620,1.45,0.1,0,20.60735475,1.510754854,5.14871378,7.331144015,24.98483596,32.31597997,17.65369194,54.62836639,43.83110196
2024-06-03 15:15:00+05:30,1405.8,1407.5,1405.05,1406.4,448333,2.45,1.65,0,21.58540084,3.052843793,4.78094851,14.14309522,22.1489911,36.29208631,8.005895879,22.05961876,42.27599602
2024-06-03 15:20:00+05:30,1406.35,1407.3,1405.15,1407.15,285954,2.15,0,0,22.19358649,2.834783522,4.439452188,12.77298522,20.00331127,32.77629649,7.230326048,22.05961876,40.83196907
2024-06-03 15:25:00+05:30,1407.15,1408.55,1406.9,1408.2,223683,1.65,1.25,0,22.25833032,3.882298985,4.12234846,17.44200454,18.52047481,35.96247936,1.078470269,2.998876295,38.1296053
2024-06-04 09:15:00+05:30,1409,1415,1392,1395.7,428151,23,0,14.9,43.66844958,3.604991915,18.727895,8.255369608,42.8865581,51.14192771,34.63118849,67.71584499,40.24290814
2024-06-04 09:20:00+05:30,1395.7,1397.9,1382.5,1387.1,493269,15.4,0,9.5,55.94927461,3.347492492,26.89018821,5.983084706,48.06172806,54.04481276,42.07864335,77.85880124,42.92975764
2024-06-04 09:25:00+05:30,1386.35,1389.8,1384,1387.6,152373,5.8,0,0,57.75289785,3.108385886,24.96946048,5.382216307,43.23499151,48.61720782,37.8527752,77.85880124,45.42468933
2024-06-04 09:30:00+05:30,1387.15,1389.55,1381,1384.9,395589,8.55,0,3,62.17769086,2.886358322,26.18592759,4.64211244,42.11466722,46.75677966,37.47255478,80.14357501,47.90460973
2024-06-04 09:35:00+05:30,1384.85,1387,1382,1386.8,388176,5,0,0,62.73642723,2.680189871,24.31550419,4.272142979,38.75819084,43.03033382,34.48604786,80.14357501,50.20739297
2024-06-04 09:40:00+05:30,1386.8,1394.9,1385.8,1392.1,162480,9.1,7.9,0,67.35525385,10.38874774,22.57868246,15.42381202,33.52178364,48.94559565,18.09797162,36.9756898,49.26227131
2024-06-04 09:45:00+05:30,1392.1,1402,1392,1400.95,546319,10,7.1,0,72.54416429,16.74669433,20.96591943,23.08482631,28.90090421,51.98573052,5.816077895,11.18783527,46.54266874
2024-06-04 09:50:00+05:30,1400.95,1402.8,1397.05,1400.8,241341,5.75,0.8,0,73.11243827,16.35050188,19.46835376,22.36350238,26.62796402,48.9914664,4.264461637,8.704498865,43.83994232
2024-06-04 09:55:00+05:30,1401,1407,1398.6,1399.5,147807,8.4,4.2,0,76.29012125,19.38260888,18.07775706,25.40644656,23.69606545,49.102512,1.710381111,3.483286377,40.95732404
2024-06-04 10:00:00+05:30,1399.5,1400,1394.25,1396.1,93951,5.75,0,4.35,76.59082688,17.99813682,21.1364887,23.49907627,27.59663208,51.09570834,4.097555812,8.019373729,38.6046133
2024-06-04 10:05:00+05:30,1396.1,1400.2,1395.75,1398.05,67329,4.45,0.2,0,75.57005353,16.91255562,19.62673951,22.37997041,25.97158344,48.35155385,3.591613026,7.428123277,36.37772116
2024-06-04 10:10:00+05:30,1398.5,1403.35,1397.75,1402.75,48878,5.6,3.15,0,75.77219256,18.85451593,18.22482954,24.88316003,24.05213433,48.93529436,0.831025697,1.698213339,33.90061346
2024-06-04 10:15:00+05:30,1402.5,1404.4,1402.05,1403.5,116330,2.35,1.05,0,72.70989309,18.55776479,16.923056,25.52302583,23.27476397,48.7977898,2.248261856,4.607302635,31.80823411
2024-06-04 10:20:00+05:30,1403.25,1408,1400,1407.75,381750,8,3.6,0,75.5163293,20.83221017,15.71426629,27.58636491,20.8090971,48.395462,6.777267811,14.00393246,30.53649828
2024-06-04 10:25:00+05:30,1407.5,1412.8,1407.45,1411.55,216400,5.35,4.8,0,75.47230578,24.14419515,14.5918187,31.990801,19.3340041,51.32480511,12.6567969,24.66019476,30.11676231
2024-06-04 10:30:00+05:30,1411.55,1411.95,1405.5,1405.5,147293,6.45,0,1.95,76.5314268,22.41960979,15.49954593,29.29464499,20.25252446,49.54716945,9.04212053,18.24951986,29.26910214
2024-06-04 10:35:00+05:30,1405.9,1408.9,1404.85,1408.25,103524,4.05,0,0.65,75.11489631,20.81820909,15.04243551,27.71515386,20.02590198,47.74105585,7.689251883,16.10616218,28.32889214
2024-06-04 10:40:00+05:30,1408.3,1408.6,1405.55,1405.55,143747,3.05,0,0,72.79954657,19.33119415,13.96797583,26.55400351,19.18689949,45.740903,7.367104021,16.10616218,27.45584
2024-06-04 10:45:00+05:30,1405.55,1407,1401.45,1405.55,77302,5.55,0,4.1,73.14957896,17.95039457,17.07026327,24.53929992,23.33610598,47.8754059,1.203193938,2.513177519,25.67422125
2024-06-04 10:50:00+05:30,1405.1,1407.55,1401.65,1401.65,213245,5.9,0.55,0,73.82460904,17.21822353,15.85095875,23.32314895,21.47110423,44.79425318,1.852044727,4.134558777,24.13567393
2024-06-04 10:55:00+05:30,1401.1,1402.45,1393.2,1402,363948,9.25,0,8.45,77.80142268,15.98835042,23.16874741,20.55020316,29.77933644,50.3295396,9.229133278,18.33740851,23.72151212
2024-06-04 11:00:00+05:30,1402,1403.2,1396.45,1401.15,233647,6.75,0.75,0,78.9941782,15.59632539,21.51383688,19.74363902,27.23471194,46.97835096,7.491072921,15.94579794,23.16610396
2024-06-04 11:05:00+05:30,1400.55,1401.5,1388,1396.3,252356,13.5,0,8.45,86.8517369,14.48230215,28.42713425,16.67474096,32.73064565,49.40538661,16.05590469,32.49828772,23.83268852
2024-06-04 11:10:00+05:30,1396.45,1400.4,1391.9,1395.9,251414,8.5,0,0,89.14804141,13.44785199,26.39662466,15.08485412,29.60987616,44.69473028,14.52502204,32.49828772,24.45165989
2024-06-04 11:15:00+05:30,1396.1,1405.3,1395.9,1401.3,185330,9.4,4.9,0,92.18032416,17.38729114,24.51115147,18.86225862,26.59043748,45.4526961,7.728178866,17.00268527,23.91959027
2024-06-04 11:20:00+05:30,1401.65,1410,1401.35,1410,126143,8.7,4.7,0,94.29601529,20.84534177,22.76035494,22.10628064,24.13713333,46.24341397,2.030852691,4.391658221,22.52473798
2024-06-04 11:25:00+05:30,1409.75,1410.7,1406.4,1410.35,90921,4.3,0.7,0,91.86058563,20.05638879,21.1346153,21.83350852,23.00727254,44.84078106,1.173764028,2.617626187,21.10280143
2024-06-04 11:30:00+05:30,1410,1410.35,1402.1,1404.55,468793,8.25,0,4.3,93.54911523,18.62378959,23.92499992,19.90803392,25.57480085,45.48283477,5.666766936,12.45913313,20.48539655
2024-06-04 11:35:00+05:30,1404.55,1407.7,1402.25,1405.5,181049,5.45,0,0,92.31703557,17.2935189,22.21607135,18.73274937,24.06497481,42.79772418,5.332225433,12.45913313,19.91209202
2024-06-04 11:40:00+05:30,1405.5,1405.95,1400,1401.2,56337,5.95,0,2.25,91.6729616,16.05826755,22.87920911,17.51690714,24.95742334,42.47433048,7.440516202,17.51767743,19.7410624
2024-06-04 11:45:00+05:30,1400.9,1406.6,1398.45,1403.3,141261,8.15,0,1.55,93.27489291,14.91124844,22.79497989,15.98634743,24.43849484,40.42484226,8.452147414,20.90830029,19.82443654
2024-06-04 11:50:00+05:30,1403.3,1405,1401.25,1402.35,47841,3.75,0,0,90.36240056,13.84615927,21.16676704,15.32292102,23.42430802,38.74722904,8.101387002,20.90830029,19.90185538
2024-06-04 11:55:00+05:30,1402.35,1402.35,1387.35,1387.35,121556,15,0,13.9,98.90794338,12.85714789,33.55485511,12.99910548,33.92533902,46.9244445,20.92623354,44.5955914,21.66569367
2024-06-04 12:00:00+05:30,1387.45,1396.1,1387.3,1393.7,81430,8.8,0,0.05,100.6430903,11.93878018,31.20807975,11.86249364,31.00866603,42.87115967,19.14617239,44.65979585,23.30812954
2024-06-04 12:05:00+05:30,1393.7,1394.25,1385,1385.95,128775,9.25,0,2.3,102.7042981,11.08601017,31.27893119,10.79410538,30.45532832,41.2494337,19.66122294,47.66422511,25.04785065
2024-06-04 12:10:00+05:30,1385.3,1389.85,1375.05,1381.55,314430,14.8,0,9.95,110.1682768,10.2941523,38.99472182,9.344025884,35.3955993,44.73962518,26.05157342,58.22930637,27.41795463
2024-06-04 12:15:00+05:30,1382.2,1389.95,1381.45,1386.2,209194,8.5,0.1,0,110.7991142,9.658855709,36.20938455,8.717448492,32.68021122,41.39765971,23.96276273,57.88434152,29.59412512
2024-06-04 12:20:00+05:30,1386.2,1389.2,1371.1,1371.1,254331,18.1,0,10.35,120.9848918,8.968937444,43.97299994,7.413270628,36.34586046,43.75913109,28.93258984,66.11783441,32.2029615
2024-06-04 12:25:00+05:30,1371.1,1372,1358.35,1366.95,230070,13.65,0,12.75,125.9931138,8.328299055,53.58207137,6.610122416,42.52777772,49.13790014,35.91765531,73.09562518,35.12386605
2024-06-04 12:30:00+05:30,1366.4,1388.1,1366.4,1384,140511,21.7,16.1,0,138.6936056,23.83342055,49.75478056,17.18422449,35.87388209,53.05810659,18.6896576,35.22488608,35.13108176
2024-06-04 12:35:00+05:30,1383.4,1388.25,1370,1372.25,178440,18.25,0.15,0,147.0369195,22.28103337,46.20086766,15.15335974,31.42127012,46.57462986,16.26791038,34.92869493,35.11662556
2024-06-04 12:40:00+05:30,1372.25,1389.5,1371.9,1384.35,98292,17.6,1.25,0,154.1342824,21.93953099,42.90080569,14.23403713,27.83339632,42.06743344,13.59935919,32.32752292,34.91740394
2024-06-04 12:45:00+05:30,1383.7,1395,1378.45,1394.65,128702,16.55,5.5,0,159.6746908,25.87242163,39.83646242,16.2032076,24.94851389,41.15172149,8.745306298,21.25137414,33.94125896
2024-06-04 12:50:00+05:30,1394.7,1395.9,1383.25,1393.3,160614,12.65,0.9,0,160.9193558,24.92439151,36.99100082,15.48874677,22.98729115,38.47603792,7.49854438,19.48886836,32.90894534
2024-06-04 12:55:00+05:30,1393.2,1396.1,1387.2,1388.9,104081,8.9,0.2,0,158.3251161,23.34407783,34.34878648,14.74439332,21.69509635,36.43948967,6.950703032,19.07464428,31.92078098
2024-06-04 13:00:00+05:30,1388.9,1392.7,1382.3,1386.5,94555,10.4,0,4.9,157.4161792,21.6766437,36.79530173,13.77027686,23.37453616,37.14481302,9.604259297,25.85625964,31.48760089
2024-06-04 13:05:00+05:30,1387.55,1388,1383.05,1384.95,105777,4.95,0,0,151.1221664,20.12831201,34.16706589,13.31923204,22.60890424,35.92813628,9.2896722,25.85625964,31.08536223
2024-06-04 13:10:00+05:30,1384.95,1389.6,1383,1389,136745,6.6,1.6,0,146.9277259,20.29057544,31.72656118,13.80990232,21.59331126,35.40321358,7.783408933,21.9850351,30.43533886
2024-06-04 13:15:00+05:30,1389.6,1390.75,1385.2,1390,177898,5.55,1.15,0,141.9828884,19.99124862,29.46037824,14.08004081,20.74924562,34.82928642,6.669204811,19.14826715,29.62911945
2024-06-04 13:20:00+05:30,1390.7,1400,1389.85,1396.65,179406,10.15,9.25,0,141.9912535,27.81330229,27.35606551,19.58803913,19.26602156,38.85406069,0.322017567,0.82878742,27.57195288
2024-06-04 13:25:00+05:30,1396.65,1397.8,1390.35,1393.1,259885,7.45,0,0,139.2990211,25.82663784,25.40206083,18.54043025,18.23563485,36.77606509,0.304795401,0.82878742,25.66172677
2024-06-04 13:30:00+05:30,1393.45,1398.9,1389.1,1398.85,125177,9.8,0,1.25,139.149091,23.981878,24.83762791,17.23466378,17.84965157,35.08431536,0.61498779,1.752885252,23.95395238
2024-06-04 13:35:00+05:30,1398.35,1398.8,1387.85,1389.2,226416,11,0,1.25,140.2098702,22.26888671,24.31351164,15.88253856,17.3407989,33.22333746,1.458260336,4.38926504,22.55647471
2024-06-04 13:40:00+05:30,1389.2,1391.65,1385.45,1391.35,107154,6.2,0,2.4,136.3948795,20.67825195,24.97683223,15.16057789,18.31214802,33.47272591,3.151570135,9.415337558,21.61782206
2024-06-04 13:45:00+05:30,1390.65,1394.9,1388.55,1394.45,47024,6.35,3.25,0,133.0023881,22.45123395,23.19277279,16.88032393,17.43786192,34.31818585,0.557537988,1.624613814,20.18973576
2024-06-04 13:50:00+05:30,1395,1402.55,1394.7,1400,113348,8.1,7.65,0,131.6022175,28.49757438,21.53614616,21.65432689,16.36457695,38.01890385,5.289749939,13.91347305,19.74143128
2024-06-04 13:55:00+05:30,1400,1401.45,1398.15,1400,84949,3.3,0,0,125.5020591,26.46203335,19.99785001,21.08493959,15.9342804,37.01921999,5.150659195,13.91347305,19.32514855
2024-06-04 14:00:00+05:30,1400,1400.25,1395.2,1397.55,100206,5.05,0,2.95,121.5876263,24.57188811,21.51943215,20.20920126,17.69870241,37.90790367,2.510498854,6.622626449,18.41782554
2024-06-04 14:05:00+05:30,1397.65,1398.05,1389.7,1393.95,177832,8.35,0,5.5,121.2527959,22.81675325,25.48232985,18.81750691,21.01586991,39.83337683,2.198363001,5.518896905,17.49647349
2024-06-04 14:10:00+05:30,1393.5,1395.8,1390,1394.75,99070,5.8,0,0,118.3918819,21.18698516,23.66216343,17.89564016,19.9863057,37.88194585,2.090665537,5.518896905,16.64093231
2024-06-04 14:15:00+05:30,1394.1,1394.65,1390.5,1394.05,107781,4.25,0,0,114.1853189,19.67362908,21.9720089,17.22956092,19.24241147,36.47197239,2.012850555,5.518896905,15.84650121
2024-06-04 14:20:00+05:30,1393.4,1394.9,1389.3,1392.8,91079,5.6,0,1.2,111.6292247,18.26836986,21.6025797,16.36522148,19.35208253,35.71730401,2.986861055,8.362504218,15.31192999
2024-06-04 14:25:00+05:30,1392.55,1394.5,1390.05,1393.9,72613,4.45,0,0,108.1057086,16.9634863,20.05953829,15.6915731,18.55548476,34.24705786,2.863911658,8.362504218,14.81554244
2024-06-04 14:30:00+05:30,1393.9,1402.65,1393.5,1395.4,110200,9.15,8.15,0,109.5338723,23.9018087,18.62671413,21.82138566,17.00543743,38.82682309,4.815948224,12.40366283,14.64326532
2024-06-04 14:35:00+05:30,1394.95,1395.15,1386.8,1388.45,111008,8.6,0,6.7,110.3100243,22.19453665,23.99623454,20.12014483,21.7534487,41.87359353,1.633303866,3.900558152,13.8759291
2024-06-04 14:40:00+05:30,1388.45,1392,1387.45,1391.9,68374,4.55,0,0,106.9807368,20.60921261,22.28221779,19.26441452,20.82825231,40.09266683,1.563837785,3.900558152,13.1634026
2024-06-04 14:45:00+05:30,1391.9,1397.1,1391.45,1393.85,75325,5.65,5.1,0,104.9892556,24.23712599,20.69063081,23.08533939,19.70737927,42.79271867,3.37796012,7.893773111,12.7870005
2024-06-04 14:50:00+05:30,1393.85,1395.1,1390.4,1391.3,92457,4.7,0,1.05,102.1900231,22.50590271,20.26272861,22.02358119,19.82848031,41.8520615,2.195100884,5.244905043,12.24827939
2024-06-04 14:55:00+05:30,1391.6,1393,1385.05,1385.45,69921,7.95,0,5.35,102.8407357,20.89833823,24.16539085,20.32107032,23.49787823,43.81894855,3.176807904,7.249849686,11.8912487
2024-06-04 15:00:00+05:30,1385.45,1389.7,1384.35,1385,262698,5.35,0,0.7,100.8449689,19.40559978,23.1392915,19.2430024,22.94540993,42.18841232,3.702407527,8.775887319,11.66872289
2024-06-04 15:05:00+05:30,1385.1,1394.7,1382.6,1393.35,287006,12.1,5,0,105.7417568,23.01948551,21.48648497,21.76953193,20.31977301,42.08930494,1.449758915,3.444482908,11.08127717
2024-06-04 15:10:00+05:30,1393.35,1402,1393.3,1397.9,254147,8.7,7.3,0,106.8887742,28.67523655,19.95173604,26.82717316,18.66588535,45.49305851,8.161287818,17.93963318,11.57115974
2024-06-04 15:15:00+05:30,1398,1400,1394.4,1395.4,251918,5.6,0,0,104.8538618,26.62700537,18.52661204,25.39439647,17.66898398,43.06338045,7.725412486,17.93963318,12.0260507
2024-06-04 15:20:00+05:30,1395.45,1399.15,1393.3,1398.95,256869,5.85,0,1.1,103.2143002,24.72507641,18.30328261,23.95508797,17.7332817,41.68836967,6.221806273,14.92456127,12.23308717
2024-06-04 15:25:00+05:30,1399.05,1401.9,1393.5,1401.7,303909,8.4,2.75,0,104.2418502,25.70899952,16.99590528,24.66283885,16.30430124,40.96714009,8.358537604,20.40302932,12.81665447
2024-06-05 09:15:00+05:30,1400.15,1418.1,1400.15,1409.45,433610,17.95,16.2,0,114.7460037,40.07264242,15.78191204,34.92290895,13.75377924,48.67668819,21.16912971,43.48925635,15.0075546
2024-06-05 09:20:00+05:30,1409,1412.65,1404,1404.9,290268,8.65,0,0,115.1998606,37.21031081,14.65463261,32.30065611,12.72105064,45.02170675,19.57960546,43.48925635,17.04196187
2024-06-05 09:25:00+05:30,1404.95,1406,1401.95,1405,1064215,4.05,0,2.05,111.0212991,34.55243147,15.65787314,31.12234475,14.10348578,45.22583053,17.01885897,37.63083789,18.51259587
2024-06-05 09:30:00+05:30,1405,1410.05,1403.1,1404.9,321496,6.95,4.05,0,110.0412064,36.13440065,14.53945363,32.83715423,13.21273558,46.04988982,19.62441865,42.61556049,20.2342362
2024-06-05 09:35:00+05:30,1404.9,1408.95,1403.05,1404.8,150415,5.9,0,0.05,108.0811202,33.55337203,13.55092123,31.04461906,12.53773203,43.58235109,18.50688702,42.46417773,21.82208917
2024-06-05 09:40:00+05:30,1404.8,1408.4,1404.1,1407.7,110406,4.3,0,0,104.6610402,31.1567026,12.58299828,29.76915054,12.02261917,41.79176971,17.74653136,42.46417773,23.29652407
2024-06-05 09:45:00+05:30,1407.6,1409.75,1403.8,1405,103110,5.95,1.35,0,103.1352516,30.28122384,11.68421269,29.36069227,11.32901943,40.6897117,18.03167285,44.31506661,24.79784853
2024-06-05 09:50:00+05:30,1405,1407,1403.45,1407,56173,3.55,0,0.35,99.3184479,28.11827928,11.19962607,28.3112351,11.27648116,39.58771627,17.03475394,43.03040323,26.10017387
2024-06-05 09:55:00+05:30,1407.25,1408.95,1406.4,1408.2,65285,2.55,1.95,0,94.77427305,28.05983076,10.39965278,29.60701239,10.97307576,40.58008815,18.63393663,45.91891611,27.51579831
2024-06-05 10:00:00+05:30,1408.3,1415,1408.3,1414.55,121850,6.8,6.05,0,94.80468212,32.10555714,9.656820438,33.86494888,10.18601637,44.05096525,23.67893252,53.75349298,29.38991936
2024-06-05 10:05:00+05:30,1414.45,1415,1412.05,1412.05,72948,2.95,0,0,90.98291911,29.81230306,8.967047549,32.76692301,9.85574835,42.62267136,22.91117466,53.75349298,31.13017462
2024-06-05 10:10:00+05:30,1411.8,1414,1410.25,1413.8,82944,3.75,0,1.8,88.23413917,27.68285284,10.12654415,31.37431055,11.47690027,42.85121082,19.89741029,46.43371776,32.22328484
2024-06-05 10:15:00+05:30,1413.8,1416.65,1413.3,1416.25,103502,3.35,2.65,0,85.28170066,28.35550621,9.403219571,33.24922696,11.02606948,44.27529644,22.22315748,50.19313085,33.50684527
2024-06-05 10:20:00+05:30,1416.5,1417.3,1413.55,1417.3,64252,3.75,0.65,0,82.94015061,26.98011291,8.73156103,32.52961648,10.52754422,43.0571607,22.00207227,51.09968216,34.76347648
2024-06-05 10:25:00+05:30,1417.05,1427.9,1417,1427.9,250274,10.9,10.6,0,87.91585414,35.65296198,8.107878099,40.55350691,9.222316246,49.77582316,31.33119066,62.94459575,36.77641357
2024-06-05 10:30:00+05:30,1427.3,1428.5,1425.15,1426,147023,3.35,0.6,0,84.98615027,33.70632184,7.528743949,39.66095856,8.858789256,48.51974782,30.80216931,63.48377865,38.6840825
2024-06-05 10:35:00+05:30,1426.8,1432.55,1425.05,1431.7,232340,7.5,4.05,0,86.41571097,35.34872743,6.990976524,40.90544072,8.089936941,48.99537766,32.81550378,66.97673402,40.70498618
2024-06-05 10:40:00+05:30,1431.5,1431.8,1427.5,1429.55,79201,4.3,0,0,84.54316019,32.82381832,6.491621058,38.82492475,7.678469842,46.50339459,31.14645491,66.97673402,42.5815396
2024-06-05 10:45:00+05:30,1429.55,1430.8,1427.05,1429.55,80854,3.75,0,0.45,82.25436303,30.47925987,6.47793384,37.0548853,7.875489641,44.93037494,29.17939566,64.9435837,44.17882847
2024-06-05 10:50:00+05:30,1429.55,1432,1428.8,1431.3,107186,3.2,1.2,0,79.57905138,29.50216988,6.01522428,37.07278407,7.558803699,44.63158776,29.51398037,66.12800898,45.74662707
2024-06-05 10:55:00+05:30,1431.3,1434.45,1431,1434.35,99670,3.45,2.45,0,77.34483343,29.84487203,5.585565403,38.58676877,7.221639966,45.80840874,31.36512881,68.47024306,47.3697425
2024-06-05 11:00:00+05:30,1434.35,1434.8,1431.15,1432.8,133246,3.65,0.35,0,75.47020247,28.06309546,5.186596445,37.18433838,6.872376482,44.05671486,30.31196189,68.80213832,48.90062792
2024-06-05 11:05:00+05:30,1432.8,1433,1429.8,1432.5,140811,3.2,0,1.35,73.27947372,26.05858864,6.166125271,35.56055648,8.414532689,43.97508917,27.14602379,61.73045764,49.81704433
2024-06-05 11:10:00+05:30,1431.95,1432.65,1429,1431.75,137770,3.65,0,0.8,71.6952256,24.19726088,6.525687751,33.7501705,9.101983705,42.85215421,24.6481868,57.51913119,50.36719339
2024-06-05 11:15:00+05:30,1431.75,1432.25,1428.75,1429.95,91584,3.5,0,0.25,70.07413806,22.4688851,6.309567198,32.06444735,9.004131014,41.06857836,23.06031634,56.15075382,50.78030485
2024-06-05 11:20:00+05:30,1430.05,1430.35,1426.95,1429.3,73810,3.4,0,1.8,68.46884248,20.86396474,7.658883826,30.4722031,11.18594027,41.65814337,19.28626282,46.29650114,50.46003315
2024-06-05 11:25:00+05:30,1429.3,1432,1427.45,1432,43737,4.55,1.65,0,68.12821087,21.02368154,7.111820696,30.85899552,10.43887782,41.29787334,20.4201177,49.44593037,50.38759724
2024-06-05 11:30:00+05:30,1431.65,1434,1430.45,1432.8,59687,3.55,2,0,66.8119101,21.52199,6.603833503,32.21280453,9.884215993,42.09702053,22.32858854,53.04078118,50.57711038
2024-06-05 11:35:00+05:30,1432.85,1433.1,1430.25,1430.9,53567,2.85,0,0.2,64.88963081,19.984705,6.33213111,30.79799462,9.758309659,40.55630428,21.03968496,51.8777175,50.67001089
2024-06-05 11:40:00+05:30,1430.9,1432,1428.75,1429.8,31899,3.25,0,1.5,63.50465718,18.55722608,7.379836031,29.2218349,11.62093673,40.84277163,17.60089817,43.09427952,50.12888722
2024-06-05 11:45:00+05:30,1429.35,1432.5,1428,1428.1,51952,4.5,0,0.75,63.46861024,17.23170993,7.602704886,27.14997203,11.97868499,39.12865702,15.17128704,38.77282841,49.31774016
2024-06-05 11:50:00+05:30,1428.1,1431.5,1428.05,1430,52932,3.45,0,0,62.38513808,16.0008735,7.059654537,25.64853425,11.31624415,36.96477839,14.3322901,38.77282841,48.56453218
2024-06-05 11:55:00+05:30,1430,1434,1429.8,1433.9,45349,4.2,2.5,0,62.12905678,17.35795397,6.555393499,27.93854416,10.55125224,38.48979641,17.38729192,45.17376952,48.32233485
2024-06-05 12:00:00+05:30,1434,1435,1433.05,1434.7,44698,1.95,1,0,59.64126701,17.11810011,6.087151106,28.70177139,10.20627396,38.90804535,18.49549743,47.53643433,48.26619909
2024-06-05 12:05:00+05:30,1434.75,1437.55,1434,1435.55,79640,3.55,2.55,0,58.93117651,18.44537868,5.652354598,31.29986497,9.591450456,40.89131543,21.70841452,53.08808066,48.61061921
2024-06-05 12:10:00+05:30,1435.7,1437.5,1434.9,1437.4,39978,2.6,0,0,57.32180676,17.12785163,5.248614984,29.88016707,9.156401866,39.03656894,20.7237652,53.08808066,48.93043788
2024-06-05 12:15:00+05:30,1437.4,1438,1435,1436,72294,3,0.5,0,56.22739199,16.40443365,4.873713914,29.17516369,8.66786408,37.84302777,20.50729961,54.19043036,49.30615163
2024-06-05 12:20:00+05:30,1436,1437.4,1435.1,1436.5,41906,2.3,0,0,54.51114971,15.23268839,4.525591491,27.94417009,8.302139132,36.24630922,19.64203096,54.19043036,49.65502868
2024-06-05 12:25:00+05:30,1437.2,1437.7,1433,1434.3,38183,4.7,0,2.1,55.31749616,14.14463922,6.302334956,25.56991947,11.39302281,36.96294229,14.17689666,38.3543511,48.84783743
2024-06-05 12:30:00+05:30,1434.65,1434.95,1432,1433.1,39591,2.95,0,1,54.31624643,13.13430785,6.852168174,24.18117729,12.61531977,36.79649706,11.56585753,31.43195263,47.60384566
2024-06-05 12:35:00+05:30,1433.1,1433.6,1430.25,1431.5,31806,3.35,0,1.75,53.78651454,12.196143,8.11272759,22.6750945,15.08320005,37.75829456,7.591894451,20.1065608,45.63975388
2024-06-05 12:40:00+05:30,1431.55,1431.55,1429.5,1431,36766,2.05,0,0.75,51.99462065,11.32498993,8.283247048,21.78108002,15.93096929,37.71204931,5.850110734,15.51257712,43.48781268
2024-06-05 12:45:00+05:30,1431,1431,1428.05,1429.2,61156,2.95,0,1.45,51.23071917,10.51606208,9.141586544,20.52686796,17.84395513,38.37082309,2.682912825,6.992064825,40.88097355
2024-06-05 12:50:00+05:30,1429.15,1433.5,1428.55,1433.2,30001,4.95,2.5,0,52.52138209,12.26491479,8.488616077,23.35223161,16.16221002,39.51444162,7.190021589,18.19593367,39.26061356
2024-06-05 12:55:00+05:30,1433.2,1433.2,1427.45,1428.45,36195,5.75,0,1.1,54.5198548,11.38884945,8.982286357,20.88936129,16.4752573,37.36461859,4.414103995,11.81359308,37.3001121
2024-06-05 13:00:00+05:30,1428.45,1429.45,1427.05,1428.5,33115,2.4,0,0.4,53.02557945,10.5753602,8.740694474,19.94388427,16.48392071,36.42780498,3.459963557,9.498139015,35.31425688
2024-06-05 13:05:00+05:30,1428.3,1430.3,1427.2,1430.1,33189,3.1,0.85,0,52.33803807,10.66997733,8.116359155,20.38665896,15.50757242,35.89423138,4.879086545,13.59295452,33.76273528
2024-06-05 13:10:00+05:30,1430.2,1431.4,1428.5,1428.95,37750,2.9,1.1,0,51.49960677,11.00783609,7.536619215,21.37460222,14.63432381,36.00892602,6.740278407,18.71835445,32.68813665
2024-06-05 13:15:00+05:30,1429.2,1431.3,1427.45,1431.05,88727,3.85,0,1.05,51.67106343,10.22156208,8.048289271,19.78198513,15.57600858,35.3579937,4.205976553,11.89540501,31.20294153
2024-06-05 13:20:00+05:30,1430.7,1431.4,1427.95,1428.45,29602,3.45,0.1,0,51.43027319,9.591450507,7.473411466,18.64942555,14.53115257,33.18057812,4.118272973,12.41169746,29.86070981
2024-06-05 13:25:00+05:30,1427.9,1429.9,1427.35,1428.25,41985,2.55,0,0.6,50.30668225,8.906346899,7.539596361,17.70410312,14.98726615,32.69136927,2.716836962,8.310563377,28.32141364
2024-06-05 13:30:00+05:30,1428.25,1428.8,1426,1428,69571,2.8,0,1.35,49.5133478,8.270179263,8.351053764,16.70292887,16.86626765,33.56919652,0.163338785,0.486573413,26.33321076
2024-06-05 13:35:00+05:30,1428.25,1430,1427.1,1429.6,70387,2.9,1.2,0,48.8766801,8.879452173,7.754549924,18.16705258,15.86554142,34.032594,2.301511164,6.762667473,24.93531482
2024-06-05 13:40:00+05:30,1429.6,1429.6,1425.55,1426.2,49460,4.05,0,1.55,49.43548866,8.245205589,8.750653501,16.67871768,17.70115708,34.37987476,1.022439395,2.973947411,23.36664571
2024-06-05 13:45:00+05:30,1426,1427.45,1425.95,1426,54775,1.5,0,0,47.40438233,7.656262333,8.125606822,16.15095895,17.14104566,33.29200462,0.99008671,2.973947411,21.91002441
2024-06-05 13:50:00+05:30,1426,1427.1,1425.2,1426.55,123814,1.9,0,0.75,45.91835502,7.109386452,8.295206335,15.48266798,18.06512087,33.54778885,2.582452882,7.697833362,20.8948679
2024-06-05 13:55:00+05:30,1426.55,1431.5,1426,1430.95,70160,5.5,4.4,0,48.13847252,11.00157313,7.702691597,22.85401376,16.00111344,38.8551272,6.85290032,17.63705542,20.66216701
2024-06-05 14:00:00+05:30,1431.1,1433.9,1430.15,1432.55,97876,3.75,2.4,0,48.4500102,12.61574648,7.15249934,26.03868695,14.76263743,40.80132438,11.27604952,27.63647919,21.16033217
2024-06-05 14:05:00+05:30,1432.55,1433.8,1431.7,1432.5,98553,2.1,0,0,47.08929518,11.71462173,6.64160653,24.87746246,14.10428103,38.9817435,10.77318143,27.63647919,21.6229141
2024-06-05 14:10:00+05:30,1432.5,1433.3,1425.75,1426.3,122502,7.55,0,5.95,51.2757741,10.87786304,12.11720606,21.21442968,23.63144443,44.84587411,2.417014755,5.389603398,20.46339191
2024-06-05 14:15:00+05:30,1426.3,1429.35,1425.05,1428,138590,4.3,0,0.7,51.91321881,10.10087282,11.95169134,19.45722699,23.02244326,42.47967025,3.565216271,8.392758819,19.60120383
2024-06-05 14:20:00+05:30,1427.45,1430.95,1426.3,1430.5,93242,4.65,1.6,0,52.85513175,10.9793819,11.09799911,20.77259396,20.99701342,41.76960738,0.224419459,0.537279311,18.23949493
2024-06-05 14:25:00+05:30,1430.5,1431.3,1428.4,1429.3,76548,2.9,0.35,0,51.97976519,10.54514034,10.30528488,20.28701034,19.82557029,40.11258063,0.461440054,1.150362422,17.01884261
2024-06-05 14:30:00+05:30,1429.45,1430,1427.15,1428.25,84597,2.85,0,1.25,51.11692482,9.79191603,10.81919311,19.15591766,21.165579,40.32149666,2.009661339,4.984094108,16.15921772
2024-06-05 14:35:00+05:30,1428.25,1429.55,1428.05,1429,98637,1.5,0,0,48.96571591,9.092493457,10.0463936,18.56910144,20.51719946,39.0863009,1.94809802,4.984094108,15.3609946
2024-06-05 14:40:00+05:30,1428.95,1429.5,1427.1,1427.7,89494,2.4,0,0.95,47.86816477,8.443029638,10.27879406,17.63808928,21.47313168,39.11122096,3.835042405,9.80547861,14.96417203
2024-06-05 14:45:00+05:30,1427.6,1429.4,1426.05,1428.25,102204,3.35,0,1.05,47.79901015,7.839956093,10.59459448,16.40192144,22.1648826,38.56680404,5.762961156,14.94280198,14.9626456
2024-06-05 14:50:00+05:30,1428.3,1430,1425.85,1428.3,89862,4.15,0.6,0,48.53479513,7.879959229,9.837837732,16.23569072,20.26965954,36.50535026,4.033968821,11.05034959,14.68319588
2024-06-05 14:55:00+05:30,1428.2,1431.15,1427.95,1430.4,114346,3.2,1.15,0,48.26802405,8.467104998,9.135135037,17.54185129,18.9258525,36.46770379,1.384001213,3.795142193,13.90547776
2024-06-05 15:00:00+05:30,1430.4,1432,1429.85,1431.6,294495,2.15,0.85,0,46.97030805,8.712311784,8.482625391,18.54855151,18.05954813,36.60809965,0.489003378,1.335779192,13.00764215
2024-06-05 15:05:00+05:30,1431.55,1433.05,1430.55,1433,258006,2.5,1.05,0,46.11528605,9.1400038,7.876723578,19.81990048,17.08050465,36.90040513,2.739395828,7.423755426,12.6087931
2024-06-05 15:10:00+05:30,1433,1434,1429.4,1430.15,286080,4.6,0,1.15,47.42133704,8.487146385,8.464100465,17.89731567,17.84871746,35.74603313,0.048598209,0.135954131,11.71787603
2024-06-05 15:15:00+05:30,1430.15,1431,1426.45,1430.05,356676,4.55,0,2.95,48.58409868,7.880921644,10.80952186,16.22119553,22.24909416,38.47028968,6.027898626,15.66897124,12.00009712
2024-06-05 15:20:00+05:30,1430.05,1430.35,1426.4,1428.85,333705,3.95,0,0.05,49.06380592,7.317998669,10.08741316,14.91526907,20.5597853,35.47505437,5.644516228,15.91122643,12.2794635
2024-06-05 15:25:00+05:30,1428.85,1430,1428.25,1429.95,242064,1.75,0,0,47.30924835,6.795284478,9.366883645,14.36354352,19.79926541,34.16280893,5.435721885,15.91122643,12.53887513
2024-06-06 09:15:00+05:30,1444.95,1453,1439.95,1448.45,526483,23.05,23,0,66.98001633,29.30990702,8.697820527,43.75918165,12.98569484,56.7448765,30.77348681,54.23130458,15.51690581
2024-06-06 09:20:00+05:30,1448.95,1448.95,1441.75,1445.3,245682,7.2,0,0,69.39572945,27.21634223,8.076547633,39.21904481,11.63839288,50.85743769,27.58065193,54.23130458,18.28222001
2024-06-06 09:25:00+05:30,1445.95,1451.35,1444.2,1450.55,244989,7.15,2.4,0,71.58889163,27.67231778,7.499651373,38.65448557,10.47599872,49.13048429,28.17848685,57.35438446,21.0730889
2024-06-06 09:30:00+05:30,1450.5,1451,1448.35,1450.25,190304,2.65,0,0,69.12539937,25.69572366,6.963961989,37.17262235,10.07438952,47.24701187,27.09823283,57.35438446,23.66461001
2024-06-06 09:35:00+05:30,1450.35,1451.2,1446.35,1448.55,102668,4.85,0,2,69.03787084,23.86031482,8.466536133,34.5611974,12.2636113,46.8248087,22.2975861,47.61917179,25.37565014
2024-06-06 09:40:00+05:30,1449.25,1449.5,1444,1445,83798,5.5,0,2.35,69.60659436,22.15600662,10.21178355,31.83032704,14.67071281,46.50103984,17.15961423,36.90157099,26.1989302
2024-06-06 09:45:00+05:30,1444.95,1448,1443.6,1443.6,91310,4.4,0,0.4,69.03469476,20.57343472,9.882370441,29.80158715,14.31507806,44.1166652,15.48650909,35.10353518,26.83497341
2024-06-06 09:50:00+05:30,1444.15,1445.25,1442.55,1442.55,64837,2.7,0,1.05,66.80364513,19.10390367,10.22648684,28.5970977,15.30827669,43.9053744,13.28882101,30.2669575,27.08011513
2024-06-06 09:55:00+05:30,1442.6,1444,1440,1440.85,64075,4,0,2.55,66.0319562,17.73933912,12.04602349,26.86477903,18.2427179,45.10749693,8.62206113,19.11447479,26.51114082
2024-06-06 10:00:00+05:30,1440.3,1441.95,1440,1440.5,68504,1.95,0,0,63.2653879,16.47224347,11.18559324,26.03673828,17.68043098,43.71716927,8.356307299,19.11447479,25.98280753
2024-06-06 10:05:00+05:30,1440.5,1441.35,1438.25,1439.1,71995,3.1,0,1.75,61.84643162,15.29565465,12.1366223,24.73166883,19.62380364,44.35547247,5.107865192,11.51574971,24.94944626
2024-06-06 10:10:00+05:30,1439.1,1440,1438.25,1438.25,62378,1.75,0,0,59.17882936,14.20310789,11.2697207,24.00031911,19.04350057,43.04381967,4.95681854,11.51574971,23.98989651
2024-06-06 10:15:00+05:30,1438.25,1439.65,1437.5,1439.45,49760,2.15,0,0.75,57.10177012,13.18860018,11.21474065,23.09665735,19.6399177,42.73657504,3.456739651,8.088480763,22.8540811
2024-06-06 10:20:00+05:30,1439.5,1444,1438.7,1442.55,93087,5.3,4.35,0,58.32307225,16.59655731,10.41368775,28.45624668,17.85517694,46.31142363,10.60106974,22.89083105,22.85670609
2024-06-06 10:25:00+05:30,1442.55,1445,1442,1444.7,81667,3,1,0,57.15713852,16.41108893,9.669852911,28.71222976,16.91801437,45.63024413,11.79421538,25.84736419,23.07032453
2024-06-06 10:30:00+05:30,1444.6,1447.9,1444.3,1445.15,152903,3.6,2.9,0,56.67448577,18.1388683,8.979149132,32.00535135,15.84337116,47.84872251,16.16198019,33.77724492,23.83510456
2024-06-06 10:35:00+05:30,1445.1,1447.5,1444.5,1447.2,73607,3,0,0,55.62630821,16.84323485,8.337781337,30.27926063,14.9889173,45.26817794,15.29034333,33.77724492,24.54525744
2024-06-06 10:40:00+05:30,1447.2,1449.3,1446.5,1449.3,127778,2.8,1.8,0,54.45300048,17.44014664,7.742225527,32.02788917,14.21817982,46.24606899,17.80970934,38.51075288,25.54279283
2024-06-06 10:45:00+05:30,1449.5,1450.45,1448.35,1450,203297,2.1,1.15,0,52.66350045,17.34442188,7.189209418,32.93442657,13.65121831,46.58564488,19.28320825,41.39302633,26.67495236
2024-06-06 10:50:00+05:30,1450.05,1450.05,1447.5,1447.8,128091,2.55,0,0.85,51.45182185,16.10553461,7.525694459,31.30216585,14.62668218,45.92884803,16.67548366,36.30721078,27.36297082
2024-06-06 10:55:00+05:30,1447.9,1450.3,1446.75,1449.8,187908,3.55,0,0.75,51.32669171,14.95513928,7.738144855,29.13715803,15.07625876,44.21341679,14.06089927,31.80233579,27.68006832
2024-06-06 11:00:00+05:30,1449.8,1450.85,1449,1450.4,79588,1.85,0.55,0,49.51049945,14.43691504,7.185420223,29.15929995,14.51292211,43.67222206,14.64637784,33.53705662,28.09842463
2024-06-06 11:05:00+05:30,1450.4,1452,1449.05,1450.3,100546,2.95,1.15,0,48.9240352,14.55570682,6.672175921,29.75164817,13.63782831,43.38947648,16.11381987,37.13762224,28.7440816
2024-06-06 11:10:00+05:30,1450.3,1451.5,1450,1450.95,41474,1.5,0,0,46.92946126,13.51601348,6.195591927,28.80070028,13.20192425,42.00262453,15.59877603,37.13762224,29.34362022
2024-06-06 11:15:00+05:30,1450.65,1455,1450.35,1454.45,179522,4.65,3.5,0,48.22735688,16.05058395,5.753049646,33.28107734,11.92901709,45.21009444,21.35206025,47.22852389,30.62111334
2024-06-06 11:20:00+05:30,1454.1,1455.6,1454.05,1454.55,108248,1.55,0.6,0,46.33254568,15.50411366,5.342117529,33.46268468,11.52994607,44.99263075,21.93273861,48.74740207,31.91584825
2024-06-06 11:25:00+05:30,1454.45,1454.7,1451.7,1452.85,51206,3,0,2.35,46.02307813,14.39667697,7.310537705,31.28143001,15.88450404,47.16593405,15.39692597,32.64416635,31.96787097
2024-06-06 11:30:00+05:30,1452.85,1455,1450.25,1453.35,95473,4.75,0,1.45,47.48571541,13.3683429,8.23835644,28.15234601,17.34912567,45.50147167,10.80322034,23.74257346,31.38034972
2024-06-06 11:35:00+05:30,1453.35,1453.5,1450,1450.2,96157,3.5,0,0.25,47.59387859,12.41346127,7.899902409,26.08205432,16.59856823,42.68062255,9.483486097,22.21965269,30.72601421
2024-06-06 11:40:00+05:30,1450.2,1453,1450,1451.35,121294,3,0,0,47.19431583,11.52678546,7.335623665,24.42409697,15.54344742,39.96754439,8.880649552,22.21965269,30.11841696
2024-06-06 11:45:00+05:30,1451.35,1453.2,1448.05,1449.2,296142,5.15,0,1.95,48.97329328,10.70344364,8.761650547,21.85567465,17.89067053,39.74634518,3.965004124,9.975770366,28.67965649
2024-06-06 11:50:00+05:30,1449.2,1454.4,1448.55,1453.75,102198,5.85,1.2,0,51.3252009,11.13891196,8.135818365,21.70261735,15.85150807,37.55412543,5.851109277,15.58047008,27.74400032
2024-06-06 11:55:00+05:30,1453.75,1455.5,1452.55,1453.9,116440,2.95,1.1,0,50.60911512,11.44327539,7.554688481,22.61109557,14.92752534,37.53862091,7.683570236,20.46844037,27.22431747
2024-06-06 12:00:00+05:30,1453.55,1454.45,1450.6,1453.3,142230,3.85,0,1.95,50.84417833,10.62589857,8.965067876,20.89894836,17.63243732,38.53138569,3.26651104,8.477533268,25.88526145
2024-06-06 12:05:00+05:30,1453.3,1454.15,1451.65,1451.95,166249,2.5,0,0,49.7124513,9.866905819,8.324705885,19.84795672,16.74571595,36.59367266,3.102240774,8.477533268,24.6418523
2024-06-06 12:10:00+05:30,1451.4,1454.9,1451.35,1452.15,118733,3.55,0.75,0,49.71156192,9.912126832,7.730084036,19.93927861,15.54987157,35.48915018,4.389407034,12.36830697,23.76517049
2024-06-06 12:15:00+05:30,1452.15,1452.9,1450,1450.45,62353,2.9,0,1.35,49.06073607,9.204117772,8.527935176,18.76065976,17.38240365,36.14306341,1.378256118,3.813335085,22.34003939
2024-06-06 12:20:00+05:30,1450.45,1454.4,1450,1453.4,42249,4.4,1.5,0,49.95639778,10.04668079,7.918796949,20.11089917,15.85141704,35.96231621,4.259482136,11.8442931,21.59034322
2024-06-06 12:25:00+05:30,1453.4,1455.6,1452.2,1455.2,100507,3.4,1.2,0,49.78808365,10.52906073,7.353168596,21.14775255,14.76893276,35.91668531,6.378819797,17.7600459,21.31675056
2024-06-06 12:30:00+05:30,1455,1459.7,1454.55,1459.7,158905,5.15,4.1,0,51.38179196,13.87698497,6.827942267,27.00759245,13.28864177,40.29623421,13.71895068,34.04524256,22.22592856
2024-06-06 12:35:00+05:30,1459.7,1463.8,1459.15,1461,234683,4.65,4.1,0,52.36166397,16.98577175,6.340232105,32.43932768,12.10853824,44.54786592,20.33078944,45.6380772,23.89822489
2024-06-06 12:40:00+05:30,1461,1462.35,1459.55,1460,108913,2.8,0,0,51.42154511,15.77250234,5.887358384,30.67294518,11.44920552,42.1221507,19.22373966,45.6380772,25.45107148
2024-06-06 12:45:00+05:30,1459.25,1463,1459.1,1462.95,104323,3.9,0.65,0,51.6485776,15.29589503,5.466832785,29.61532678,10.58467249,40.19999927,19.03065429,47.3399369,27.01456187
2024-06-06 12:50:00+05:30,1462.9,1465,1462.35,1463.4,124711,2.65,2,0,50.60939349,16.2033311,5.076344729,32.01644988,10.03043976,42.04688964,21.98601012,52.28926635,28.8198979
2024-06-06 12:55:00+05:30,1463.7,1466.4,1463.35,1466,163642,3.05,1.4,0,50.04443681,16.44595031,4.713748677,32.86269435,9.419126234,42.28182058,23.44356812,55.44597605,30.72176063
2024-06-06 13:00:00+05:30,1466.15,1470.95,1464.3,1465,324629,6.65,4.55,0,53.11983418,19.82123957,4.377052343,37.314197,8.239958595,45.55415559,29.0742384,63.82346028,33.08616775
2024-06-06 13:05:00+05:30,1465.05,1468,1463.35,1464,134065,4.65,0,0.95,53.97556031,18.40543675,5.014405747,34.09957514,9.290141163,43.3897163,24.80943398,57.17814286,34.80702311
2024-06-06 13:10:00+05:30,1463.65,1466,1463,1464.2,92690,3,0,0.35,53.12016315,17.09076269,5.006233908,32.17377674,9.424357176,41.59813391,22.74941956,54.68855792,36.22713274
2024-06-06 13:15:00+05:30,1464.2,1467,1463.8,1465.05,104294,3.2,1,0,52.52586578,16.86999393,4.648645771,32.11749807,8.850203043,40.96770111,23.26729503,56.79424131,37.69621192
2024-06-06 13:20:00+05:30,1464.8,1466.5,1463.4,1464.25,57552,3.1,0,0.4,51.87401822,15.66499436,4.716599645,30.19815102,9.09241236,39.29056338,21.10573866,53.71706803,38.84055879
2024-06-06 13:25:00+05:30,1464.25,1466.25,1463.35,1465.6,70198,2.9,0,0.05,51.06873121,14.54606619,4.42969967,28.48331229,8.673995937,37.15730823,19.80931636,53.31203281,39.87423551
